{"cameraMode":{"drawMode":0,"name":"Shaded","section":"Shading Mode"},"sceneLighting":true,"audioPlay":false,"sceneViewState":{"m_AlwaysRefresh":false,"showFog":true,"showSkybox":true,"showFlares":true,"showImageEffects":true,"showParticleSystems":true,"showVisualEffectGraphs":true,"m_FxEnabled":true},"in2DMode":false,"pivot":{"x":0.07210251688957215,"y":1.8560532331466675,"z":7.785454273223877},"rotation":{"x":-0.04374733194708824,"y":0.051535170525312427,"z":-0.001988633768633008,"w":-0.9976224899291992},"size":4.681039810180664,"orthographic":false}